{"cameraMode":{"drawMode":0,"name":"Shaded","section":"Shading Mode"},"sceneLighting":true,"audioPlay":false,"sceneViewState":{"m_AlwaysRefresh":false,"showFog":true,"showSkybox":true,"showFlares":true,"showImageEffects":true,"showParticleSystems":true,"showVisualEffectGraphs":true,"m_FxEnabled":true},"in2DMode":false,"pivot":{"x":10.944479942321778,"y":2.844755172729492,"z":2.4103798866271974},"rotation":{"x":0.0692502111196518,"y":-0.013159317895770073,"z":0.0008877698564901948,"w":0.9975323677062988},"size":4.165531158447266,"orthographic":false}