{"cameraMode":{"drawMode":0,"name":"Shaded","section":"Shading Mode"},"sceneLighting":true,"audioPlay":false,"sceneViewState":{"m_AlwaysRefresh":false,"showFog":true,"showSkybox":true,"showFlares":true,"showImageEffects":true,"showParticleSystems":true,"showVisualEffectGraphs":true,"m_FxEnabled":true},"in2DMode":false,"pivot":{"x":11.284086227416993,"y":3.1603453159332277,"z":2.449972629547119},"rotation":{"x":0.049788665026426318,"y":0.007799791172146797,"z":-0.00041457710904069245,"w":0.9987494945526123},"size":8.2411470413208,"orthographic":false}