{"cameraMode":{"drawMode":0,"name":"Shaded","section":"Shading Mode"},"sceneLighting":true,"audioPlay":false,"sceneViewState":{"m_AlwaysRefresh":false,"showFog":true,"showSkybox":true,"showFlares":true,"showImageEffects":true,"showParticleSystems":true,"showVisualEffectGraphs":true,"m_FxEnabled":true},"in2DMode":false,"pivot":{"x":1.73833167552948,"y":2.7936389446258547,"z":0.2637176513671875},"rotation":{"x":0.006310079246759415,"y":0.004810323007404804,"z":-0.00002843946094799321,"w":0.9999847412109375},"size":5.613478660583496,"orthographic":false}