{"cameraMode":{"drawMode":0,"name":"Shaded","section":"Shading Mode"},"sceneLighting":true,"audioPlay":false,"sceneViewState":{"m_AlwaysRefresh":false,"showFog":true,"showSkybox":true,"showFlares":true,"showImageEffects":true,"showParticleSystems":true,"showVisualEffectGraphs":true,"m_FxEnabled":true},"in2DMode":false,"pivot":{"x":22.392276763916017,"y":-2.2675352096557619,"z":7.489768028259277},"rotation":{"x":0.15281429886817933,"y":0.18849247694015504,"z":-0.029710084199905397,"w":0.9696701169013977},"size":9.529189109802246,"orthographic":false}