{"cameraMode":{"drawMode":0,"name":"Shaded","section":"Shading Mode"},"sceneLighting":true,"audioPlay":false,"sceneViewState":{"m_AlwaysRefresh":false,"showFog":true,"showSkybox":true,"showFlares":true,"showImageEffects":true,"showParticleSystems":true,"showVisualEffectGraphs":true,"m_FxEnabled":true},"in2DMode":false,"pivot":{"x":-0.9998493194580078,"y":8.452994346618653,"z":43.77936935424805},"rotation":{"x":-0.0026899988297373058,"y":0.006309914868324995,"z":0.00001243871793121798,"w":0.9999943375587463},"size":34.83014678955078,"orthographic":false}