{"cameraMode":{"drawMode":0,"name":"Shaded","section":"Shading Mode"},"sceneLighting":true,"audioPlay":false,"sceneViewState":{"m_AlwaysRefresh":false,"showFog":true,"showSkybox":true,"showFlares":true,"showImageEffects":true,"showParticleSystems":true,"showVisualEffectGraphs":true,"m_FxEnabled":true},"in2DMode":false,"pivot":{"x":15.728074073791504,"y":1.131685733795166,"z":-3.8275604248046877},"rotation":{"x":0.14733123779296876,"y":-0.11071838438510895,"z":0.01660209521651268,"w":0.9827459454536438},"size":8.999710083007813,"orthographic":false}