{"cameraMode":{"drawMode":0,"name":"Shaded","section":"Shading Mode"},"sceneLighting":false,"audioPlay":false,"sceneViewState":{"m_AlwaysRefresh":false,"showFog":true,"showSkybox":false,"showFlares":true,"showImageEffects":true,"showParticleSystems":true,"showVisualEffectGraphs":true,"m_FxEnabled":true},"in2DMode":false,"pivot":{"x":-0.00001881626303656958,"y":0.00015763231203891337,"z":-0.000010983043466694653},"rotation":{"x":-0.20668722689151765,"y":-0.00703558512032032,"z":-0.0014808165142312646,"w":0.9783966541290283},"size":0.00011732050916180015,"orthographic":false}