{"cameraMode":{"drawMode":0,"name":"Shaded","section":"Shading Mode"},"sceneLighting":false,"audioPlay":false,"sceneViewState":{"m_AlwaysRefresh":false,"showFog":true,"showSkybox":false,"showFlares":true,"showImageEffects":true,"showParticleSystems":true,"showVisualEffectGraphs":true,"m_FxEnabled":true},"in2DMode":false,"pivot":{"x":0.6116528511047363,"y":-1.4698468446731568,"z":-0.13439184427261353},"rotation":{"x":0.0638066753745079,"y":-0.7428061962127686,"z":0.07152929902076721,"w":0.6626102328300476},"size":3.9715418815612795,"orthographic":false}